,asset_id,time,open,close,high,low,volume,market_cap,url_shares,unique_url_shares,reddit_posts,reddit_posts_score,reddit_comments,reddit_comments_score,tweets,tweet_spam,tweet_followers,tweet_quotes,tweet_retweets,tweet_replies,tweet_favorites,tweet_sentiment1,tweet_sentiment2,tweet_sentiment3,tweet_sentiment4,tweet_sentiment5,tweet_sentiment_impact1,tweet_sentiment_impact2,tweet_sentiment_impact3,tweet_sentiment_impact4,tweet_sentiment_impact5,social_score,average_sentiment,sentiment_absolute,sentiment_relative,search_average,news,price_score,social_impact_score,correlation_rank,galaxy_score,volatility,alt_rank,alt_rank_30d,alt_rank_hour_average,market_cap_rank,percent_change_24h_rank,volume_24h_rank,social_volume_24h_rank,social_score_24h_rank,medium,youtube,social_contributors,social_volume,price_btc,social_volume_global,social_dominance,market_cap_global,market_dominance,percent_change_24h
0,1,17-09-2021,47419.15603104,48407.57850272,48684.26942108,47419.15603104,37284249393.81,892402567198,38324,20200,1543,9638,3124,8946,270569,161182,1094418592,3417,55013,30740,301603,14478,34485,39541,168103,13962,104517962,150089142,160574607,559928097,119699557,1094866273,3.5,3,79,,154,2.9,3.7,2.7,64.0,0.00902021,13,70,38.5,1,842,3,1,1,5,4,178475,295590,1,1459858,20.247859723342955,2503675409128,35.643700614881745,2.0041671274678667
1,1,18-09-2021,48409.75218134,47373.77854332,48409.75218134,47203.49487237,35262649230.81,904079584730,39327,18399,1379,6585,2971,9310,244330,155990,904102738,3869,57494,33426,279460,13529,25951,32969,158121,13760,74505624,107370524,121034599,485373779,116192461,904532205,3.5,3,81,,134,3.1,3.0,2.9,62.5,0.00933295,72,75,117.42,1,1831,3,1,1,2,6,163973,267213,1,1308172,20.426442394425198,2442964313129,37.00748225716141,-2.1356159332405316
2,1,19-09-2021,47344.62772412,43135.87663158,47344.62772412,42696.51654527,68210737347.67,886187271417,47295,25796,1983,7702,3977,13690,333648,138754,1976772692,8632,115493,64705,669510,16312,44967,31681,225553,15135,101506623,517513611,166688143,1048583550,143339105,1977699719,3.5,3,80,,366,3.2,3.0,2.3,60.5,0.02503652,19,110,44.25,1,1870,3,1,1,9,12,205330,365770,1,1380634,26.49290108747141,2206868656359,40.15586830976498,-8.945670035301767
3,1,20-09-2021,43099.42517725,40784.48466691,43352.65078294,39783.95312511,72497335442.62,787943112483,54836,25283,2296,10868,5110,14423,320746,152071,1879006607,6669,93582,56052,475117,14119,42503,34727,215243,14154,97292483,506180820,162886145,955265463,158013116,1879718154,3.5,3,80,,418,3.9,4.1,2.4,69.5,0.03393578,54,98,97.42,1,1824,3,1,1,4,16,200022,353853,1,1262764,28.022100725076104,2072833767152,38.0128462286489,-5.451128267898779
4,1,21-09-2021,40829.84837714,43666.79564309,44064.97714718,40829.84837714,54351671982.11,773088258735,62528,25843,1663,13077,3385,13387,272105,143902,1351887586,6439,90244,49548,519214,12288,31617,30070,180919,17211,114418755,219091907,162946228,738940680,117155461,1411651357,3.6,3,82,,382,3.0,3.6,2.6,64.0,0.01975316,30,115,73.5,1,1131,4,1,1,10,11,183381,303378,1,1406159,21.57494280518775,2265611398199,34.122721105197044,7.067175176344766
5,1,22-09-2021,43638.16196091,44947.6564541,44964.54851298,43391.1299588,46477116674.08,815899124278,67428,25588,1654,26251,4168,18005,328591,152521,1746313781,20165,192318,80385,965723,12338,32176,45093,218500,20484,88025938,195900992,222704952,1045758739,195181751,1778954424,3.6,3,83,,465,2.9,3.0,3.5,65.0,0.02081825,59,112,80.96,1,757,3,1,1,15,7,208315,360466,1,1199741,30.045318114493046,2345222583667,34.78983743207251,2.9332603689977517
6,1,23-09-2021,44943.97781504,42958.18413897,45080.51258458,41084.65731995,64388853512.48,841905294458,66330,29819,1581,27325,3811,15847,428220,198980,3053120742,17036,211016,97442,1143323,21600,46945,43101,294195,22379,234926193,518502819,365952680,1713772463,221435404,3200371566,3.6,3,83,,582,2.9,3.7,3.9,71.0,0.01884009,19,95,49.04,1,1783,3,1,1,8,8,269351,464013,1,1131373,41.01326441412337,2241570349145,37.55872729040724,-4.426198098140275
7,1,24-09-2021,42923.62931834,42804.50148578,42960.31804183,41932.10782922,40072096028.08,806478121064,44114,21381,1584,22008,3134,13704,291825,164235,1199975857,7733,118333,52705,579765,11653,34207,28353,203436,14175,95764928,164814987,159224892,676475572,104451910,1249200691,3.6,3,83,,261,2.9,3.9,2.4,63.5,0.02220426,29,97,61.88,1,1516,3,1,1,5,5,189040,318185,1,947202,33.59209545587953,2224454448637,36.25509713440781,-0.3577494167184446
8,1,25-09-2021,42784.54542139,43262.87129123,43868.42211041,41313.03502076,43916248507.37,802011397346,47250,20712,1594,20338,3891,13734,267670,146152,1094932662,10331,89646,51848,485212,12930,30398,30228,181697,12417,146387357,171679445,147380577,525259100,104863220,1149180245,3.6,3,82,,192,2.1,3.0,2.7,57.0,0.00935608,7,45,31.88,1,860,3,1,1,4,8,175641,294059,1,899501,32.69134775836825,2235514253402,35.87592412463938,1.0708448633662504
9,1,26-09-2021,43262.57317026,42264.46874065,44155.39254716,42264.46874065,38580499038.21,827252769103,58012,25930,1905,16196,3793,11380,317287,131837,1544890719,7450,86139,41416,419178,14181,33350,33980,220989,14787,168900450,235520503,150327033,845827183,144869733,1545530490,3.6,3,83,,385,3.1,3.7,3.6,69.5,0.01534494,30,126,73.38,1,1952,3,1,1,8,8,179125,349300,1,1271021,27.48184333697083,2174335462669,38.04623450732602,-2.3077584098824997
10,1,27-09-2021,42255.68563493,41169.31554227,42710.65241375,41050.52469077,40790107584.57,798635495978,53416,24468,1599,12787,3257,11496,302538,146653,1400256543,5320,79766,41977,373826,19725,32477,43495,191298,15543,140976034,193383676,165354519,779904347,121138856,1400835131,3.5,3,80,,325,3.2,4.3,2.6,68.5,0.01591921,42,80,83.04,1,1958,3,1,1,6,5,177070,332187,1,1276284,26.02767095724776,2094548876857,38.12923655314274,-2.591191208625514
11,1,28-09-2021,41105.75068024,41406.23002831,42403.62330476,41023.12055688,18132747466.45,789236001157,51319,25559,1406,7352,2355,6049,312559,201211,1360712599,6193,76166,38057,392238,15600,32784,41486,206590,16099,147629299,159195898,158406081,774161529,121832446,1361289966,3.6,3,82,,327,2.8,3.7,2.6,63.0,0.01372241,26,117,71.38,1,2039,3,1,1,10,5,170859,342206,1,1273230,26.87699787155502,2136717985417,36.93683520911504,-0.71
0,1,17-09-2021,47419.15603104,48407.57850272,48684.26942108,47419.15603104,37284249393.81,892402567198,38324,20200,1543,9638,3124,8946,270569,161182,1094418592,3417,55013,30740,301603,14478,34485,39541,168103,13962,104517962,150089142,160574607,559928097,119699557,1094866273,3.5,3,79,,154,2.9,3.7,2.7,64.0,0.00902021,13,70,38.5,1,842,3,1,1,5,4,178475,295590,1,1459858,20.247859723342955,2503675409128,35.643700614881745,2.0041671274678667
1,1,18-09-2021,48409.75218134,47373.77854332,48409.75218134,47203.49487237,35262649230.81,904079584730,39327,18399,1379,6585,2971,9310,244330,155990,904102738,3869,57494,33426,279460,13529,25951,32969,158121,13760,74505624,107370524,121034599,485373779,116192461,904532205,3.5,3,81,,134,3.1,3.0,2.9,62.5,0.00933295,72,75,117.42,1,1831,3,1,1,2,6,163973,267213,1,1308172,20.426442394425198,2442964313129,37.00748225716141,-2.1356159332405316
2,1,19-09-2021,47344.62772412,43135.87663158,47344.62772412,42696.51654527,68210737347.67,886187271417,47295,25796,1983,7702,3977,13690,333648,138754,1976772692,8632,115493,64705,669510,16312,44967,31681,225553,15135,101506623,517513611,166688143,1048583550,143339105,1977699719,3.5,3,80,,366,3.2,3.0,2.3,60.5,0.02503652,19,110,44.25,1,1870,3,1,1,9,12,205330,365770,1,1380634,26.49290108747141,2206868656359,40.15586830976498,-8.945670035301767
3,1,20-09-2021,43099.42517725,40784.48466691,43352.65078294,39783.95312511,72497335442.62,787943112483,54836,25283,2296,10868,5110,14423,320746,152071,1879006607,6669,93582,56052,475117,14119,42503,34727,215243,14154,97292483,506180820,162886145,955265463,158013116,1879718154,3.5,3,80,,418,3.9,4.1,2.4,69.5,0.03393578,54,98,97.42,1,1824,3,1,1,4,16,200022,353853,1,1262764,28.022100725076104,2072833767152,38.0128462286489,-5.451128267898779
4,1,21-09-2021,40829.84837714,43666.79564309,44064.97714718,40829.84837714,54351671982.11,773088258735,62528,25843,1663,13077,3385,13387,272105,143902,1351887586,6439,90244,49548,519214,12288,31617,30070,180919,17211,114418755,219091907,162946228,738940680,117155461,1411651357,3.6,3,82,,382,3.0,3.6,2.6,64.0,0.01975316,30,115,73.5,1,1131,4,1,1,10,11,183381,303378,1,1406159,21.57494280518775,2265611398199,34.122721105197044,7.067175176344766
5,1,22-09-2021,43638.16196091,44947.6564541,44964.54851298,43391.1299588,46477116674.08,815899124278,67428,25588,1654,26251,4168,18005,328591,152521,1746313781,20165,192318,80385,965723,12338,32176,45093,218500,20484,88025938,195900992,222704952,1045758739,195181751,1778954424,3.6,3,83,,465,2.9,3.0,3.5,65.0,0.02081825,59,112,80.96,1,757,3,1,1,15,7,208315,360466,1,1199741,30.045318114493046,2345222583667,34.78983743207251,2.9332603689977517
6,1,23-09-2021,44943.97781504,42958.18413897,45080.51258458,41084.65731995,64388853512.48,841905294458,66330,29819,1581,27325,3811,15847,428220,198980,3053120742,17036,211016,97442,1143323,21600,46945,43101,294195,22379,234926193,518502819,365952680,1713772463,221435404,3200371566,3.6,3,83,,582,2.9,3.7,3.9,71.0,0.01884009,19,95,49.04,1,1783,3,1,1,8,8,269351,464013,1,1131373,41.01326441412337,2241570349145,37.55872729040724,-4.426198098140275
7,1,24-09-2021,42923.62931834,42804.50148578,42960.31804183,41932.10782922,40072096028.08,806478121064,44114,21381,1584,22008,3134,13704,291825,164235,1199975857,7733,118333,52705,579765,11653,34207,28353,203436,14175,95764928,164814987,159224892,676475572,104451910,1249200691,3.6,3,83,,261,2.9,3.9,2.4,63.5,0.02220426,29,97,61.88,1,1516,3,1,1,5,5,189040,318185,1,947202,33.59209545587953,2224454448637,36.25509713440781,-0.3577494167184446
8,1,25-09-2021,42784.54542139,43262.87129123,43868.42211041,41313.03502076,43916248507.37,802011397346,47250,20712,1594,20338,3891,13734,267670,146152,1094932662,10331,89646,51848,485212,12930,30398,30228,181697,12417,146387357,171679445,147380577,525259100,104863220,1149180245,3.6,3,82,,192,2.1,3.0,2.7,57.0,0.00935608,7,45,31.88,1,860,3,1,1,4,8,175641,294059,1,899501,32.69134775836825,2235514253402,35.87592412463938,1.0708448633662504
9,1,26-09-2021,43262.57317026,42264.46874065,44155.39254716,42264.46874065,38580499038.21,827252769103,58012,25930,1905,16196,3793,11380,317287,131837,1544890719,7450,86139,41416,419178,14181,33350,33980,220989,14787,168900450,235520503,150327033,845827183,144869733,1545530490,3.6,3,83,,385,3.1,3.7,3.6,69.5,0.01534494,30,126,73.38,1,1952,3,1,1,8,8,179125,349300,1,1271021,27.48184333697083,2174335462669,38.04623450732602,-2.3077584098824997
10,1,27-09-2021,42255.68563493,41169.31554227,42710.65241375,41050.52469077,40790107584.57,798635495978,53416,24468,1599,12787,3257,11496,302538,146653,1400256543,5320,79766,41977,373826,19725,32477,43495,191298,15543,140976034,193383676,165354519,779904347,121138856,1400835131,3.5,3,80,,325,3.2,4.3,2.6,68.5,0.01591921,42,80,83.04,1,1958,3,1,1,6,5,177070,332187,1,1276284,26.02767095724776,2094548876857,38.12923655314274,-2.591191208625514
11,1,28-09-2021,41105.75068024,41406.23002831,42403.62330476,41023.12055688,18132747466.45,789236001157,51319,25559,1406,7352,2355,6049,312559,201211,1360712599,6193,76166,38057,392238,15600,32784,41486,206590,16099,147629299,159195898,158406081,774161529,121832446,1361289966,3.6,3,82,,327,2.8,3.7,2.6,63.0,0.01372241,26,117,71.38,1,2039,3,1,1,10,5,170859,342206,1,1273230,26.87699787155502,2136717985417,36.93683520911504,-0.71
